scenario,window_id,window_kind,execution_mode,counts_origin,selected_pairs,valid_binary_pairs,valid_numeric_pairs,assumed_independent_families,binary_coverage,numeric_coverage,mean_pair_js_bits,disagreement,compatible,incompatible_reason,expected_state
stable,stable-ref,reference,illustrative_fixture,authored_summary,300,300,300,300,1,1,0.10,0.20,true,,reference
stable,stable-w1,current,illustrative_fixture,authored_summary,100,100,100,100,1,1,0.11,0.21,true,,no_rule_fired
stable,stable-w2,current,illustrative_fixture,authored_summary,100,100,100,100,1,1,0.09,0.19,true,,no_rule_fired
widening,widening-ref,reference,illustrative_fixture,authored_summary,300,300,300,300,1,1,0.10,0.20,true,,reference
widening,widening-w1,current,illustrative_fixture,authored_summary,100,100,100,100,1,1,0.16,0.35,true,,collecting_streak
widening,widening-w2,current,illustrative_fixture,authored_summary,100,100,100,100,1,1,0.16,0.35,true,,investigate_increased
shrinking,shrinking-ref,reference,illustrative_fixture,authored_summary,300,300,300,300,1,1,0.10,0.20,true,,reference
shrinking,shrinking-w1,current,illustrative_fixture,authored_summary,100,100,100,100,1,1,0.04,0.05,true,,collecting_streak
shrinking,shrinking-w2,current,illustrative_fixture,authored_summary,100,100,100,100,1,1,0.04,0.05,true,,investigate_decreased
outage,outage-ref,reference,illustrative_fixture,authored_summary,300,300,300,300,1,1,0.10,0.20,true,,reference
outage,outage-w1,current,illustrative_fixture,authored_summary,100,0,0,0,0,0,,,true,,health_outage
outage,outage-w2,current,illustrative_fixture,authored_summary,100,0,0,0,0,0,,,true,,health_outage
mix_change,mix-ref,reference,illustrative_fixture,authored_summary,300,300,300,300,1,1,0.10,0.20,true,,reference
mix_change,mix-w1,current,illustrative_fixture,authored_summary,100,100,100,100,1,1,0.16,0.35,false,population_changed,population_changed
mix_change,mix-w2,current,illustrative_fixture,authored_summary,100,100,100,100,1,1,0.16,0.35,false,population_changed,population_changed
insufficient,insufficient-ref,reference,illustrative_fixture,authored_summary,300,300,300,300,1,1,0.10,0.20,true,,reference
insufficient,insufficient-w1,current,illustrative_fixture,authored_summary,24,24,24,24,1,1,0.16,0.35,true,,insufficient_data
insufficient,insufficient-w2,current,illustrative_fixture,authored_summary,24,24,24,24,1,1,0.16,0.35,true,,insufficient_data
version_change,version-ref,reference,illustrative_fixture,authored_summary,300,300,300,300,1,1,0.10,0.20,true,,reference
version_change,version-w1,current,illustrative_fixture,authored_summary,100,100,100,100,1,1,0.16,0.35,false,version_changed,version_changed
version_change,version-w2,current,illustrative_fixture,authored_summary,100,100,100,100,1,1,0.16,0.35,false,version_changed,version_changed
